aww,Jan,"really,does,rules,dogs,little,contact,questions,bot,approved,moderators,domains,people,ive,theyre,wikihttpswwwredditcomrawwwikiindex,subredditmessagecomposetoraww,time,pretty,cat,know,thing,make,cute,did,action,didnt,look,want,got,cats,right,way,sure,concerns,dog,hes,old,performed,going,good,site,submission,automatically,looks,think,list,view,actually,love,youre,",0.1201427490,
aww,Feb,"automatically,concerns,domains,people,hes,day,list,theyre,approved,moderators,dogs,thing,ive,sure,contact,looks,know,time,look,old,think,love,did,way,going,pretty,view,questions,little,want,actually,performed,bot,submission,make,rules,action,cute,youre,got,site,cat,cats,really,right,does,didnt,wikihttpswwwredditcomrawwwikiindex,dog,good,",0.1236435391,
aww,Mar,"view,concerns,know,think,cute,love,hes,right,thing,theyre,action,submission,dogs,looks,did,pretty,rules,site,approved,moderators,really,got,make,way,does,oh,cats,automatically,domains,dog,people,time,want,going,contact,performed,cat,good,little,youre,ive,questions,wikihttpswwwredditcomrawwwikiindex,subredditmessagecomposetoraww,look,sure,list,day,bot,say,",0.1257421122,
aww,Apr,"people,good,did,make,does,dogs,cats,way,theyre,didnt,adorable,say,thought,know,little,contact,dog,pretty,sure,rules,great,looks,youre,doesnt,list,action,cute,thing,hes,ive,right,years,need,life,time,really,love,got,going,old,oh,cat,think,day,submission,actually,view,site,look,want,",0.1406709783,
aww,May,"cat,hes,did,shes,rules,submission,does,day,good,really,look,youre,right,sure,going,looks,way,make,didnt,shit,ive,doesnt,contact,life,dog,dogs,cute,theyre,oh,adorable,cats,thing,say,actually,thought,years,people,little,time,love,best,need,list,know,think,got,want,pretty,old,site,",0.1348412353,
aww,Jun,"adorable,time,thing,sure,great,big,cat,love,need,hes,got,did,make,oh,cute,think,good,life,day,pretty,theyre,doesnt,people,youre,old,want,shit,dogs,little,look,shes,submission,dog,know,actually,going,say,best,cats,ive,does,way,didnt,happy,years,thought,looks,really,right,rules,",0.1432558380,
aww,Jul,"think,time,really,does,sure,shes,didnt,dog,need,life,adorable,doesnt,love,cats,youre,going,looks,say,did,want,ive,make,theyre,actually,great,cat,animals,face,best,hes,thing,right,years,thought,dogs,good,little,way,shit,cute,old,happy,probably,people,got,look,day,pretty,oh,know,",0.1440995817,
aww,Aug,"want,going,oh,need,adorable,dog,cute,really,shes,big,happy,good,pretty,ive,thing,thought,look,sure,does,best,cat,think,love,youre,great,looks,know,time,day,say,little,did,way,right,make,old,actually,doesnt,cats,people,got,life,animals,shit,didnt,years,lol,dogs,hes,theyre,",0.1484900299,
aww,Sep,"theyre,pretty,probably,dogs,way,need,face,looks,did,youre,day,adorable,best,happy,know,got,think,love,ive,make,going,oh,dog,cat,thought,didnt,doesnt,years,look,does,really,hes,right,animals,lol,time,little,old,shes,life,actually,great,cats,want,good,thing,sure,say,cute,people,",0.1465212589,
aww,Oct,"thought,shes,know,really,look,got,sure,ive,big,right,does,actually,say,years,shit,face,cat,think,hes,day,oh,need,didnt,great,cute,people,did,way,make,doesnt,best,happy,cats,thing,youre,pretty,going,lol,dogs,old,adorable,time,want,theyre,dog,looks,love,little,good,life,",0.1484591501,
aww,Nov,"right,adorable,great,yeah,dogs,think,people,need,say,didnt,lol,hes,time,ive,youre,look,did,thing,make,cute,good,cats,little,best,shit,oh,life,love,theyre,going,day,old,doesnt,years,cat,really,got,does,pretty,actually,happy,shes,dog,looks,want,sure,big,know,way,thought,",0.1483328648,
aww,Dec,"dog,people,look,make,great,cat,good,little,cats,did,youre,day,love,time,didnt,doesnt,adorable,looks,cute,think,right,pretty,need,shes,best,shit,yeah,know,hes,really,got,want,going,thought,lol,happy,dogs,ive,does,actually,probably,thing,way,old,years,sure,say,theyre,oh,life,",0.1609652079,
news,Jan,"good,actually,mean,fuck,youre,sure,shit,better,problem,bad,person,doing,think,know,money,got,pretty,didnt,does,police,make,right,want,gt,say,probably,way,thing,gun,work,use,years,law,saying,people,time,doesnt,did,isnt,pay,point,things,theyre,lot,theres,really,going,need,said,government,",-0.0948837200,
news,Feb,"think,need,shit,person,police,probably,people,know,time,want,good,isnt,does,things,right,really,going,gt,did,actually,work,got,theres,thing,years,said,theyre,guy,youre,say,lot,government,life,mean,pretty,bad,pay,getting,doesnt,use,law,way,point,sure,saying,make,didnt,money,better,fuck,",-0.0886546020,
news,Mar,"did,need,use,money,got,pretty,fuck,people,work,law,mean,probably,point,good,say,isnt,life,way,going,better,theres,case,time,really,theyre,police,guy,right,youre,gt,actually,thing,sure,shit,government,know,saying,make,want,doesnt,does,didnt,said,years,think,person,lot,bad,state,things,",-0.0911753220,
news,Mar,"think,time,want,way,point,bad,going,mean,lot,saying,case,people,good,got,state,probably,know,right,need,didnt,sure,use,person,money,gt,actually,thing,does,shit,years,work,better,police,doesnt,say,said,theyre,government,pretty,fuck,make,youre,did,isnt,things,law,theres,really,life,guy,",-0.0911753220,
news,Apr,"need,lot,saying,yeah,time,make,does,sure,theres,know,want,actually,shit,use,government,think,say,bad,fuck,good,thing,going,gt,years,mean,state,doing,youre,right,doesnt,said,better,pretty,probably,ive,really,way,point,money,things,got,person,theyre,isnt,didnt,law,life,work,people,did,",-0.0820352599,
news,May,"money,work,think,right,want,good,say,point,probably,did,need,person,mean,law,said,got,people,make,way,going,thing,didnt,life,doing,know,gt,use,pretty,pay,yeah,youre,time,doesnt,does,actually,years,lot,better,saying,fuck,government,really,isnt,sure,things,theres,wrong,shit,theyre,bad,",-0.0851445417,
news,Jun,"gt,isnt,didnt,pretty,fuck,think,good,way,going,say,does,sure,got,people,know,life,guns,money,probably,better,work,problem,really,actually,lot,theyre,said,point,shit,mean,bad,yeah,gun,thing,did,saying,person,time,doesnt,want,fucking,theres,youre,right,years,things,use,guy,make,need,",-0.1065104625,
news,Jun,"theyre,use,guy,fucking,way,doesnt,isnt,didnt,years,saying,got,pretty,think,really,want,going,gt,actually,said,lot,say,thing,guns,work,problem,make,good,gun,things,mean,fuck,theres,people,time,point,does,person,bad,life,youre,sure,better,know,right,did,need,shit,probably,money,yeah,",-0.1065104625,
news,Jul,"gun,shit,does,fucking,way,did,say,sure,white,theyre,use,think,going,want,bad,know,time,black,need,saying,got,shot,years,lot,make,guy,person,problem,didnt,isnt,point,actually,things,people,right,cops,fuck,better,gt,said,mean,man,cop,police,really,good,law,youre,doesnt,thing,",-0.1265854234,
news,Sep,"need,years,pretty,cops,yeah,did,said,does,going,things,better,fuck,black,know,really,police,good,isnt,actually,work,person,youre,make,doesnt,gun,probably,right,sure,doing,theyre,lot,time,way,thing,money,mean,bad,theres,say,didnt,got,gt,shit,point,use,saying,people,think,want,guy,",-0.1004363863,
news,Aug,"want,gt,police,got,black,guy,yeah,way,need,years,theyre,probably,say,thing,money,person,life,theres,time,make,good,lot,people,know,really,right,said,point,mean,fuck,think,did,isnt,didnt,sure,things,bad,better,youre,fucking,white,use,does,going,actually,shit,work,saying,pretty,doesnt,",-0.1034515074,
news,Sep,"said,things,got,black,people,police,doesnt,pretty,better,guy,theres,time,going,did,isnt,sure,saying,fuck,know,right,gt,lot,gun,probably,doing,think,really,say,didnt,does,theyre,use,bad,make,good,need,thing,point,money,youre,want,actually,shit,work,person,way,years,mean,cops,yeah,",-0.1004363863,
politics,Jan,"really,clinton,hes,sure,saying,hillary,time,better,support,president,pretty,think,trump,say,isnt,actually,vote,political,bernie,doesnt,going,want,gt,does,money,years,country,people,sanders,know,said,need,government,obama,state,right,good,things,free,feel,make,way,youre,did,point,thing,didnt,lot,mean,question,",-0.0050184164,
politics,Feb,"does,gt,money,party,hillary,vote,make,hes,good,youre,actually,didnt,think,trump,time,say,better,obama,years,republican,bernie,isnt,sure,really,thing,president,need,people,sanders,clinton,right,saying,state,candidate,things,free,doesnt,want,said,point,way,lot,feel,going,election,campaign,know,did,support,win,",0.0102584531,
politics,Mar,"point,didnt,money,states,sanders,clinton,does,did,party,sure,support,lot,voting,vote,good,candidate,saying,win,bernie,know,really,want,way,youre,people,hes,actually,supporters,better,free,right,say,time,gt,isnt,state,years,hillary,going,make,said,thing,president,trump,think,doesnt,need,things,election,mean,",-0.0052598951,
politics,Apr,"way,said,need,state,think,time,really,president,sanders,trump,did,party,point,sure,things,clinton,good,say,money,election,right,youre,make,gt,isnt,actually,saying,campaign,doesnt,going,win,new,lot,mean,didnt,candidate,thing,supporters,vote,want,hillary,know,hes,support,better,years,people,bernie,voting,does,",0.0026758816,
politics,May,"didnt,election,lot,right,isnt,does,things,support,vote,going,youre,need,saying,president,people,did,point,time,party,good,state,clinton,doesnt,want,mean,years,win,said,candidate,thing,really,actually,money,shes,bernie,sanders,gt,hes,supporters,look,think,know,make,say,sure,better,shit,trump,hillary,way,",-0.0049300160,
politics,Jun,"actually,election,isnt,things,hillary,bernie,good,sure,need,trump,think,hes,point,supporters,obama,know,vote,say,said,thing,saying,president,mean,make,time,state,better,shit,party,support,lot,country,people,really,way,sanders,does,didnt,candidate,got,doesnt,want,going,gt,youre,did,money,years,clinton,right,",-0.0259139440,
politics,Jul,"think,saying,got,believe,voting,people,right,vote,want,gt,bernie,way,does,hillary,sure,shit,better,dnc,party,point,candidate,support,country,time,did,hes,election,know,make,said,isnt,need,mean,pretty,clinton,doesnt,say,good,actually,thing,state,trump,youre,things,going,didnt,president,sanders,years,really,",-0.0319635749,
politics,Aug,"people,president,look,does,saying,mean,election,state,say,time,want,vote,things,shit,years,candidate,clinton,going,youre,lot,believe,got,know,said,did,point,sure,need,campaign,pretty,trump,hillary,way,doesnt,hes,actually,didnt,money,think,right,make,better,good,obama,country,thing,party,really,gt,isnt,",-0.0368950126,
politics,Sep,"clinton,really,said,agree,hate,trump,doesnt,going,say,does,general,make,believe,use,thing,candidate,point,better,got,hillary,right,youre,time,want,know,gt,hes,questions,saying,years,shit,think,did,way,actually,sure,need,country,good,didnt,isnt,mean,lot,look,personal,people,vote,things,president,election,",-0.0395632225,
politics,Oct,"clinton,believe,want,does,shit,years,know,did,gt,youre,personal,president,need,people,said,time,election,thing,comments,sure,disagree,think,really,right,way,point,hate,speech,saying,going,doesnt,good,didnt,isnt,questions,actually,agree,things,attack,mean,hillary,hes,say,make,vote,use,action,trump,general,bot,",-0.0448332194,
politics,Nov,"got,people,know,gt,way,agree,country,use,states,hillary,election,really,make,isnt,thing,state,think,did,need,voted,trump,time,years,hate,white,lot,didnt,believe,sure,shit,party,good,does,going,clinton,doesnt,want,youre,say,things,mean,obama,vote,said,actually,president,hes,saying,right,point,",-0.0378819789,
politics,Dec,"right,want,obama,state,actually,president,thing,things,sure,think,didnt,use,mean,government,trump,did,good,russia,news,gt,say,said,years,hillary,agree,hate,got,people,know,vote,way,believe,country,states,clinton,youre,time,isnt,hes,does,point,need,shit,better,going,make,doesnt,really,election,saying,",-0.0411629401,
upliftingnews,Jan,"guy,gt,think,going,didnt,day,probably,bad,know,really,life,good,youre,want,say,shit,time,right,need,help,lot,pretty,way,money,thing,does,years,got,work,theyre,water,make,isnt,person,ive,people,doesnt,things,government,point,great,did,actually,sure,better,said,doing,dog,man,yeah,",-0.0027755743,
upliftingnews,Feb,"story,love,world,know,money,years,lot,things,year,time,way,got,probably,did,make,didnt,said,guy,great,dog,really,youre,sure,pretty,ive,day,good,right,want,actually,bad,feel,shit,going,say,work,yeah,man,point,mean,think,isnt,thing,doesnt,need,does,better,person,people,life,",0.0246909485,
upliftingnews,Mar,"shit,story,point,know,way,doesnt,guy,probably,bad,pretty,food,right,life,say,does,great,better,said,make,youre,going,money,things,want,didnt,day,isnt,man,homeless,feel,did,years,lot,actually,person,hes,people,time,sure,doing,help,good,need,ive,job,think,really,work,got,thing,",0.0386634775,
upliftingnews,Apr,"money,things,got,man,think,good,better,kid,going,sure,need,lot,gt,year,years,didnt,doesnt,right,want,does,life,great,really,way,thing,kids,yeah,shit,time,youre,say,ive,point,world,know,probably,work,old,guy,make,did,said,person,pretty,bad,day,doing,people,isnt,actually,",0.0295357867,
upliftingnews,May,"doesnt,lot,things,world,point,good,time,way,probably,guy,doing,going,capitalism,mean,money,sure,better,great,people,think,did,didnt,actually,got,does,ive,make,right,life,theres,help,man,youre,need,work,dog,say,bad,yeah,pretty,shit,person,isnt,years,said,thing,gt,know,really,want,",0.0219264983,
upliftingnews,Jun,"life,pretty,doing,said,lot,better,ive,people,want,did,didnt,world,saying,need,going,actually,things,think,good,really,thing,point,got,theyre,mean,doesnt,say,sure,debt,time,isnt,gay,day,bad,free,know,youre,way,right,gt,probably,make,money,work,years,feel,does,pay,person,shit,",0.0120956010,
upliftingnews,Jul,"sure,said,does,shit,good,time,thing,actually,better,probably,youre,right,need,theyre,gt,way,going,didnt,money,work,great,person,bags,people,doesnt,day,yeah,use,really,want,years,got,say,isnt,things,guy,world,point,doing,bad,think,know,make,life,kids,pretty,ive,did,lot,mean,",0.0239778010,
upliftingnews,Aug,"sure,great,mean,say,actually,lot,work,said,pretty,ive,better,people,make,way,want,going,got,need,things,really,did,right,years,probably,gt,love,doing,man,theyre,think,pay,yeah,does,world,money,shit,know,doesnt,didnt,bad,point,theres,good,thing,day,life,person,time,youre,isnt,",0.0271633197,
upliftingnews,Sep,"money,want,doesnt,years,actually,got,know,really,ive,better,said,lot,work,things,day,doing,say,didnt,shit,pretty,yeah,use,good,isnt,point,time,year,person,theyre,life,man,guy,bad,school,help,think,need,youre,right,thing,sure,make,way,did,probably,does,great,hes,people,going,",0.0194025864,
upliftingnews,Oct,"think,year,things,dogs,shit,did,need,point,people,time,good,actually,better,said,great,probably,mean,youre,didnt,years,going,thing,money,isnt,kid,ive,yeah,kids,doesnt,does,gt,little,know,day,school,make,dog,work,pretty,high,world,really,way,got,right,sure,say,want,life,lot,",0.0145857500,
upliftingnews,Nov,"way,want,didnt,mean,bad,know,really,does,work,yeah,great,make,going,time,youre,right,thing,life,better,think,good,theyre,dog,money,shit,year,guy,things,use,person,cat,actually,said,got,lot,world,did,say,years,probably,hes,doesnt,isnt,sure,gt,pretty,point,ive,people,need,",0.0132499714,
upliftingnews,Dec,"ive,mean,got,think,youre,way,things,isnt,read,need,person,point,theyre,know,really,time,make,gt,shit,pretty,probably,say,actually,going,better,doesnt,bad,theres,use,life,people,want,did,lot,day,saying,feel,good,right,didnt,sure,does,world,doing,yeah,thing,years,work,said,year,",-0.0003224297,
wholesomememes,Sep,"happy,man,24,bob,subscribe,thanks,fishy,wow,discovered,today,stressed,love,post,harmless,200,culture,coming,negative,emotions,glad,day,nice,rrarepuppers,think,credit,100,huh,yesterday,sure,know,enjoy,hit,feel,twinge,send,favorite,sarcasm,friends,new,youre,days,subreddit,need,sub,thank,hope,mr,hitler,wholesome,yes,",0.4311383061,
wholesomememes,Oct,"youre,wholesome,better,person,happy,really,best,man,need,subreddit,makes,did,ive,memes,think,want,thank,time,happiness,post,thing,thanks,sub,little,people,sure,glad,say,going,friends,nice,know,feel,pupper,life,way,positive,good,friend,place,hey,things,try,great,hope,make,meme,right,love,day,",0.4124139364,
wholesomememes,Nov,"think,ends,jpg,feel,know,really,link,understanding,stay,wholesome,image,free,action,day,lt3,using,hope,nice,help,hey,make,youre,sub,follow,unfortunately,questions,good,love,end,meme,automatically,thank,contact,time,happy,bot,6,remove,thanks,great,friend,submission,resubmit,rule,gif,direct,moderators,people,1,message,",0.3438323252,
wholesomememes,Dec,"stay,questions,great,hey,youre,lt3,make,rule,1,album,love,time,way,best,understanding,good,people,know,help,sub,life,contact,thanks,message,free,link,better,want,wholesome,concerns,follow,unfortunately,image,friend,think,day,end,nice,submission,bot,thank,really,submitting,ive,gif,feel,happy,hope,using,6,",0.3391401666,
worldnews,Mar,"youre,going,country,actually,years,said,point,way,didnt,pretty,problem,things,doesnt,does,new,bad,want,need,countries,saying,theres,think,thing,work,probably,time,good,isnt,government,better,gt,did,lot,mean,believe,people,make,world,sure,shit,war,yes,yeah,know,right,say,read,theyre,money,really,",-0.0634872655,
worldnews,Jan,"really,world,said,government,new,yes,lot,better,want,did,actually,years,point,read,saying,europe,money,women,people,gt,make,youre,doesnt,know,theyre,mean,war,bad,good,thing,countries,going,refugees,probably,work,think,time,say,isnt,need,didnt,shit,pretty,right,country,way,does,sure,things,problem,",-0.0690357774,
worldnews,Feb,"know,point,people,gt,say,said,read,new,mean,think,going,thing,things,didnt,war,pretty,theyre,does,saying,yeah,work,country,countries,use,right,better,probably,sure,doesnt,world,isnt,years,government,want,good,need,bad,far,way,really,time,youre,actually,did,shit,lot,make,yes,theres,money,",-0.0577292472,
worldnews,Apr,"new,lot,time,right,way,doesnt,isnt,said,mean,better,war,know,gt,really,shit,people,does,actually,thing,money,things,make,world,did,government,theyre,good,country,didnt,pretty,work,doing,going,years,probably,use,yes,bad,think,point,sure,need,read,countries,far,want,youre,say,saying,theres,",-0.0515465778,
worldnews,May,"does,doesnt,going,need,problem,people,read,countries,didnt,mean,better,saying,theyre,know,really,country,say,world,work,use,way,sure,shit,yes,yeah,want,good,actually,said,money,theres,make,right,time,youre,isnt,thing,point,things,far,bad,think,gt,did,government,years,new,lot,pretty,war,",-0.0565884092,
worldnews,Jun,"years,sure,read,mean,pretty,theyre,think,going,doesnt,yes,bad,say,good,thing,need,vote,new,far,yeah,make,gt,time,way,does,isnt,actually,fuck,did,didnt,point,government,lot,better,want,right,eu,things,leave,people,know,country,uk,said,shit,countries,really,youre,world,saying,theres,",-0.0639493989,
worldnews,Jul,"doesnt,said,need,sure,war,want,going,isnt,read,problem,think,saying,lot,new,point,right,say,thing,didnt,things,islam,turkey,know,make,time,youre,world,actually,government,mean,really,fuck,yeah,pretty,way,does,muslims,far,gt,better,yes,bad,shit,country,good,did,years,countries,theyre,people,",-0.0750004869,
worldnews,Aug,"youre,did,read,new,saying,people,right,does,pretty,doesnt,mean,lot,better,far,really,way,time,reddit,years,didnt,countries,muslims,problem,gt,say,country,things,bad,sure,shit,yeah,theres,war,think,good,actually,world,need,yes,know,make,going,want,isnt,thing,theyre,women,said,point,government,",-0.0634992947,
worldnews,Sep,"need,things,want,make,way,doesnt,country,world,far,bad,got,government,saying,gt,does,years,thing,better,theyre,know,time,shit,mean,money,yes,think,right,good,did,actually,war,say,going,said,countries,pretty,yeah,lot,work,really,isnt,point,sure,didnt,read,theres,people,youre,new,use,",-0.0546030074,
worldnews,Oct,"isnt,theyre,yes,theres,doesnt,country,world,did,read,things,mean,way,know,really,going,said,countries,want,make,does,time,good,youre,russia,thing,people,saying,reddit,shit,sure,far,work,bad,gt,actually,war,government,point,think,yeah,better,say,years,new,need,didnt,lot,pretty,right,money,",-0.0535627184,
worldnews,Nov,"people,going,time,did,sure,lot,bot,isnt,thing,mean,reddit,power,gt,things,shit,war,point,right,really,good,world,youre,need,read,countries,money,pretty,make,does,country,new,said,change,yes,want,doesnt,government,russia,far,saying,way,say,years,actually,didnt,better,work,think,know,trump,",-0.0431193578,
worldnews,Dec,"sure,bad,far,think,really,doesnt,russia,thing,pretty,right,good,years,point,shit,china,mean,better,way,trump,youre,world,actually,government,war,new,know,make,say,isnt,didnt,need,news,theyre,people,said,things,read,yes,time,want,does,going,country,gt,saying,lot,countries,believe,look,did,",-0.0612550912,
